candidato;codigo_materia;dados_tramitacao
FLAVIO_BOLSONARO;136252;
FLAVIO_BOLSONARO;136390;
FLAVIO_BOLSONARO;135938;
FLAVIO_BOLSONARO;135861;
FLAVIO_BOLSONARO;136371;
FLAVIO_BOLSONARO;136263;
FLAVIO_BOLSONARO;136253;
FLAVIO_BOLSONARO;137025;
FLAVIO_BOLSONARO;136918;
FLAVIO_BOLSONARO;138503;
FLAVIO_BOLSONARO;139628;
FLAVIO_BOLSONARO;149150;
FLAVIO_BOLSONARO;151329;
FLAVIO_BOLSONARO;151330;
FLAVIO_BOLSONARO;152628;
FLAVIO_BOLSONARO;154003;
FLAVIO_BOLSONARO;152637;
FLAVIO_BOLSONARO;153211;
FLAVIO_BOLSONARO;155896;
FLAVIO_BOLSONARO;155530;
FLAVIO_BOLSONARO;156670;
FLAVIO_BOLSONARO;156461;
FLAVIO_BOLSONARO;160237;
FLAVIO_BOLSONARO;160148;
FLAVIO_BOLSONARO;160430;
FLAVIO_BOLSONARO;162009;
FLAVIO_BOLSONARO;162819;
FLAVIO_BOLSONARO;163090;
FLAVIO_BOLSONARO;162695;
FLAVIO_BOLSONARO;162681;
FLAVIO_BOLSONARO;170019;
FLAVIO_BOLSONARO;166084;
FLAVIO_BOLSONARO;163802;
FLAVIO_BOLSONARO;169779;
FLAVIO_BOLSONARO;164919;
FLAVIO_BOLSONARO;166565;
FLAVIO_BOLSONARO;165994;
FLAVIO_BOLSONARO;165851;
FLAVIO_BOLSONARO;168889;
FLAVIO_BOLSONARO;172819;
FLAVIO_BOLSONARO;172758;
FLAVIO_BOLSONARO;145243;
FLAVIO_BOLSONARO;145257;
FLAVIO_BOLSONARO;151817;
FLAVIO_BOLSONARO;155471;
FLAVIO_BOLSONARO;156196;
FLAVIO_BOLSONARO;158629;
FLAVIO_BOLSONARO;159966;
FLAVIO_BOLSONARO;159994;
FLAVIO_BOLSONARO;161721;
FLAVIO_BOLSONARO;162066;
FLAVIO_BOLSONARO;166887;
FLAVIO_BOLSONARO;168736;
FLAVIO_BOLSONARO;171207;
FLAVIO_BOLSONARO;163215;
FLAVIO_BOLSONARO;172250;
FLAVIO_BOLSONARO;175275;
FLAVIO_BOLSONARO;135719;
FLAVIO_BOLSONARO;135767;
FLAVIO_BOLSONARO;135718;
FLAVIO_BOLSONARO;137805;
FLAVIO_BOLSONARO;154973;
FLAVIO_BOLSONARO;157272;
FLAVIO_BOLSONARO;158094;
FLAVIO_BOLSONARO;159321;
FLAVIO_BOLSONARO;174857;
FLAVIO_BOLSONARO;170684;
FLAVIO_BOLSONARO;174562;
FLAVIO_BOLSONARO;155428;
FLAVIO_BOLSONARO;156325;
FLAVIO_BOLSONARO;159325;
FLAVIO_BOLSONARO;170543;
FLAVIO_BOLSONARO;165981;
FLAVIO_BOLSONARO;163809;
FLAVIO_BOLSONARO;136262;
FLAVIO_BOLSONARO;151550;
FLAVIO_BOLSONARO;170023;
FLAVIO_BOLSONARO;140877;
FLAVIO_BOLSONARO;150590;
FLAVIO_BOLSONARO;152324;
FLAVIO_BOLSONARO;155089;
FLAVIO_BOLSONARO;156676;
FLAVIO_BOLSONARO;157885;
FLAVIO_BOLSONARO;163929;
FLAVIO_BOLSONARO;167313;
FLAVIO_BOLSONARO;140825;
FLAVIO_BOLSONARO;145326;
FLAVIO_BOLSONARO;149828;
FLAVIO_BOLSONARO;168041;
FLAVIO_BOLSONARO;169164;
FLAVIO_BOLSONARO;174931;
FLAVIO_BOLSONARO;148606;
FLAVIO_BOLSONARO;152321;
FLAVIO_BOLSONARO;153484;
FLAVIO_BOLSONARO;156581;
FLAVIO_BOLSONARO;158007;
FLAVIO_BOLSONARO;160011;
FLAVIO_BOLSONARO;161269;
FLAVIO_BOLSONARO;171423;
FLAVIO_BOLSONARO;171375;
FLAVIO_BOLSONARO;144243;
FLAVIO_BOLSONARO;148902;
FLAVIO_BOLSONARO;148943;
FLAVIO_BOLSONARO;161581;
FLAVIO_BOLSONARO;165046;
FLAVIO_BOLSONARO;139272;
FLAVIO_BOLSONARO;156697;
FLAVIO_BOLSONARO;156334;
FLAVIO_BOLSONARO;166999;
FLAVIO_BOLSONARO;170939;
FLAVIO_BOLSONARO;161755;
FLAVIO_BOLSONARO;165580;
FLAVIO_BOLSONARO;163360;
FLAVIO_BOLSONARO;169982;
FLAVIO_BOLSONARO;171424;
FLAVIO_BOLSONARO;136024;
FLAVIO_BOLSONARO;139116;
FLAVIO_BOLSONARO;155808;
FLAVIO_BOLSONARO;156667;
FLAVIO_BOLSONARO;157069;
FLAVIO_BOLSONARO;160645;
FLAVIO_BOLSONARO;170485;
FLAVIO_BOLSONARO;169536;
FLAVIO_BOLSONARO;172022;
FLAVIO_BOLSONARO;150717;
FLAVIO_BOLSONARO;143500;
FLAVIO_BOLSONARO;156310;
FLAVIO_BOLSONARO;156307;
FLAVIO_BOLSONARO;173320;
FLAVIO_BOLSONARO;137687;
FLAVIO_BOLSONARO;138108;
FLAVIO_BOLSONARO;162284;
FLAVIO_BOLSONARO;165705;
FLAVIO_BOLSONARO;171534;
FLAVIO_BOLSONARO;172371;
FLAVIO_BOLSONARO;138154;
FLAVIO_BOLSONARO;155525;
FLAVIO_BOLSONARO;156016;
FLAVIO_BOLSONARO;156313;
FLAVIO_BOLSONARO;157131;
FLAVIO_BOLSONARO;157462;
FLAVIO_BOLSONARO;157777;
FLAVIO_BOLSONARO;160275;
FLAVIO_BOLSONARO;160506;
FLAVIO_BOLSONARO;166348;
FLAVIO_BOLSONARO;162978;
FLAVIO_BOLSONARO;168142;
FLAVIO_BOLSONARO;165920;
FLAVIO_BOLSONARO;171235;
FLAVIO_BOLSONARO;148071;
FLAVIO_BOLSONARO;151868;
FLAVIO_BOLSONARO;155070;
FLAVIO_BOLSONARO;155252;
FLAVIO_BOLSONARO;155771;
FLAVIO_BOLSONARO;155978;
FLAVIO_BOLSONARO;156038;
FLAVIO_BOLSONARO;156572;
FLAVIO_BOLSONARO;166230;
FLAVIO_BOLSONARO;170741;
FLAVIO_BOLSONARO;163967;
FLAVIO_BOLSONARO;165643;
FLAVIO_BOLSONARO;162279;
FLAVIO_BOLSONARO;171969;
FLAVIO_BOLSONARO;171453;
FLAVIO_BOLSONARO;150245;
FLAVIO_BOLSONARO;150428;
FLAVIO_BOLSONARO;173124;
FLAVIO_BOLSONARO;141305;
FLAVIO_BOLSONARO;167281;
FLAVIO_BOLSONARO;142533;
FLAVIO_BOLSONARO;137181;
FLAVIO_BOLSONARO;154645;
FLAVIO_BOLSONARO;172720;
FLAVIO_BOLSONARO;173589;
FLAVIO_BOLSONARO;152859;
FLAVIO_BOLSONARO;155883;
FLAVIO_BOLSONARO;158574;
FLAVIO_BOLSONARO;160038;
FLAVIO_BOLSONARO;164635;
FLAVIO_BOLSONARO;166127;
FLAVIO_BOLSONARO;165511;
FLAVIO_BOLSONARO;169361;
FLAVIO_BOLSONARO;171372;
FLAVIO_BOLSONARO;136027;
FLAVIO_BOLSONARO;137428;
FLAVIO_BOLSONARO;152320;
FLAVIO_BOLSONARO;155610;
FLAVIO_BOLSONARO;153531;
FLAVIO_BOLSONARO;155676;
FLAVIO_BOLSONARO;161820;
FLAVIO_BOLSONARO;165292;
FLAVIO_BOLSONARO;171665;
FLAVIO_BOLSONARO;156657;
FLAVIO_BOLSONARO;158997;
FLAVIO_BOLSONARO;159924;
FLAVIO_BOLSONARO;160593;
FLAVIO_BOLSONARO;160965;
FLAVIO_BOLSONARO;161698;
FLAVIO_BOLSONARO;163300;
FLAVIO_BOLSONARO;169924;
FLAVIO_BOLSONARO;163364;
FLAVIO_BOLSONARO;162140;
FLAVIO_BOLSONARO;155891;
FLAVIO_BOLSONARO;174418;
FLAVIO_BOLSONARO;135123;
FLAVIO_BOLSONARO;135125;
FLAVIO_BOLSONARO;135359;
FLAVIO_BOLSONARO;156915;
FLAVIO_BOLSONARO;171377;
FLAVIO_BOLSONARO;135163;
FLAVIO_BOLSONARO;136400;
FLAVIO_BOLSONARO;137883;
FLAVIO_BOLSONARO;138153;
FLAVIO_BOLSONARO;148615;
FLAVIO_BOLSONARO;155251;
FLAVIO_BOLSONARO;160083;
FLAVIO_BOLSONARO;167042;
FLAVIO_BOLSONARO;163663;
FLAVIO_BOLSONARO;135389;
FLAVIO_BOLSONARO;137697;
FLAVIO_BOLSONARO;149286;
FLAVIO_BOLSONARO;155952;
FLAVIO_BOLSONARO;156424;
FLAVIO_BOLSONARO;161570;
FLAVIO_BOLSONARO;158826;
FLAVIO_BOLSONARO;158333;
FLAVIO_BOLSONARO;169981;
FLAVIO_BOLSONARO;170061;
FLAVIO_BOLSONARO;164256;
FLAVIO_BOLSONARO;170022;
FLAVIO_BOLSONARO;168834;
FLAVIO_BOLSONARO;171329;
FLAVIO_BOLSONARO;151756;
FLAVIO_BOLSONARO;136441;
FLAVIO_BOLSONARO;140268;
FLAVIO_BOLSONARO;168431;
FLAVIO_BOLSONARO;160457;
FLAVIO_BOLSONARO;161629;
FLAVIO_BOLSONARO;167837;
FLAVIO_BOLSONARO;171124;
FLAVIO_BOLSONARO;169922;
FLAVIO_BOLSONARO;166918;
FLAVIO_BOLSONARO;171886;
FLAVIO_BOLSONARO;137125;
FLAVIO_BOLSONARO;137330;
FLAVIO_BOLSONARO;140255;
FLAVIO_BOLSONARO;149715;
FLAVIO_BOLSONARO;155344;
FLAVIO_BOLSONARO;156559;
FLAVIO_BOLSONARO;156478;
FLAVIO_BOLSONARO;159788;
FLAVIO_BOLSONARO;170486;
FLAVIO_BOLSONARO;169904;
FLAVIO_BOLSONARO;165567;
FLAVIO_BOLSONARO;136254;
FLAVIO_BOLSONARO;136270;
FLAVIO_BOLSONARO;137066;
FLAVIO_BOLSONARO;152323;
FLAVIO_BOLSONARO;156580;
FLAVIO_BOLSONARO;159094;
FLAVIO_BOLSONARO;160771;
FLAVIO_BOLSONARO;161772;
FLAVIO_BOLSONARO;163968;
FLAVIO_BOLSONARO;170687;
FLAVIO_BOLSONARO;167505;
FLAVIO_BOLSONARO;168554;
FLAVIO_BOLSONARO;172742;
FLAVIO_BOLSONARO;173125;
FLAVIO_BOLSONARO;135821;
FLAVIO_BOLSONARO;160163;
FLAVIO_BOLSONARO;160976;
FLAVIO_BOLSONARO;162462;
FLAVIO_BOLSONARO;174153;
FLAVIO_BOLSONARO;174214;
FLAVIO_BOLSONARO;173381;
FLAVIO_BOLSONARO;141617;
FLAVIO_BOLSONARO;150745;
FLAVIO_BOLSONARO;152722;
FLAVIO_BOLSONARO;155368;
FLAVIO_BOLSONARO;156309;
FLAVIO_BOLSONARO;161949;
FLAVIO_BOLSONARO;165061;
FLAVIO_BOLSONARO;168717;
FLAVIO_BOLSONARO;162725;
FLAVIO_BOLSONARO;170869;
FLAVIO_BOLSONARO;162113;
FLAVIO_BOLSONARO;165975;
FLAVIO_BOLSONARO;169684;
FLAVIO_BOLSONARO;165357;
FLAVIO_BOLSONARO;139271;
FLAVIO_BOLSONARO;157258;
FLAVIO_BOLSONARO;160145;
FLAVIO_BOLSONARO;169176;
FLAVIO_BOLSONARO;162359;
FLAVIO_BOLSONARO;167238;
FLAVIO_BOLSONARO;167105;
FLAVIO_BOLSONARO;166346;
FLAVIO_BOLSONARO;169434;
FLAVIO_BOLSONARO;165706;
FLAVIO_BOLSONARO;171522;
FLAVIO_BOLSONARO;174362;
FLAVIO_BOLSONARO;136978;
FLAVIO_BOLSONARO;136742;
FLAVIO_BOLSONARO;137695;
FLAVIO_BOLSONARO;139392;
FLAVIO_BOLSONARO;152847;
FLAVIO_BOLSONARO;154603;
FLAVIO_BOLSONARO;155491;
FLAVIO_BOLSONARO;167181;
FLAVIO_BOLSONARO;169490;
FLAVIO_BOLSONARO;171374;
FLAVIO_BOLSONARO;151211;
FLAVIO_BOLSONARO;170925;
FLAVIO_BOLSONARO;172830;
FLAVIO_BOLSONARO;135977;
FLAVIO_BOLSONARO;148903;
FLAVIO_BOLSONARO;156419;
FLAVIO_BOLSONARO;160031;
FLAVIO_BOLSONARO;161010;
FLAVIO_BOLSONARO;168631;
FLAVIO_BOLSONARO;170938;
FLAVIO_BOLSONARO;164051;
FLAVIO_BOLSONARO;165961;
FLAVIO_BOLSONARO;167543;
FLAVIO_BOLSONARO;165252;
FLAVIO_BOLSONARO;162620;
FLAVIO_BOLSONARO;135360;
FLAVIO_BOLSONARO;139194;
FLAVIO_BOLSONARO;152626;
FLAVIO_BOLSONARO;155366;
FLAVIO_BOLSONARO;156568;
FLAVIO_BOLSONARO;156308;
FLAVIO_BOLSONARO;156050;
FLAVIO_BOLSONARO;156769;
FLAVIO_BOLSONARO;156820;
FLAVIO_BOLSONARO;158046;
FLAVIO_BOLSONARO;159933;
FLAVIO_BOLSONARO;160817;
FLAVIO_BOLSONARO;170946;
FLAVIO_BOLSONARO;171485;
FLAVIO_BOLSONARO;135289;
FLAVIO_BOLSONARO;164606;
FLAVIO_BOLSONARO;173828;
FLAVIO_BOLSONARO;148097;
FLAVIO_BOLSONARO;168298;
FLAVIO_BOLSONARO;136894;
FLAVIO_BOLSONARO;138702;
FLAVIO_BOLSONARO;150780;
FLAVIO_BOLSONARO;156607;
FLAVIO_BOLSONARO;158350;
FLAVIO_BOLSONARO;160544;
FLAVIO_BOLSONARO;160728;
FLAVIO_BOLSONARO;164695;
FLAVIO_BOLSONARO;168003;
FLAVIO_BOLSONARO;162103;
FLAVIO_BOLSONARO;166631;
FLAVIO_BOLSONARO;166086;
FLAVIO_BOLSONARO;135156;
FLAVIO_BOLSONARO;135253;
FLAVIO_BOLSONARO;136251;
FLAVIO_BOLSONARO;136970;
FLAVIO_BOLSONARO;156014;
FLAVIO_BOLSONARO;156612;
FLAVIO_BOLSONARO;156391;
FLAVIO_BOLSONARO;168476;
FLAVIO_BOLSONARO;170769;
FLAVIO_BOLSONARO;168730;
FLAVIO_BOLSONARO;170924;
FLAVIO_BOLSONARO;170829;
FLAVIO_BOLSONARO;169535;
FLAVIO_BOLSONARO;163593;
FLAVIO_BOLSONARO;136004;
FLAVIO_BOLSONARO;135904;
FLAVIO_BOLSONARO;139404;
FLAVIO_BOLSONARO;150226;
FLAVIO_BOLSONARO;154946;
FLAVIO_BOLSONARO;156516;
FLAVIO_BOLSONARO;156640;
FLAVIO_BOLSONARO;163547;
FLAVIO_BOLSONARO;167177;
FLAVIO_BOLSONARO;136599;
FLAVIO_BOLSONARO;142510;
FLAVIO_BOLSONARO;144656;
FLAVIO_BOLSONARO;135192;
FLAVIO_BOLSONARO;151791;
FLAVIO_BOLSONARO;152322;
FLAVIO_BOLSONARO;155842;
FLAVIO_BOLSONARO;156644;
FLAVIO_BOLSONARO;157311;
FLAVIO_BOLSONARO;170493;
FLAVIO_BOLSONARO;167877;
FLAVIO_BOLSONARO;163371;
FLAVIO_BOLSONARO;163837;
FLAVIO_BOLSONARO;168703;
FLAVIO_BOLSONARO;173278;
FLAVIO_BOLSONARO;174772;
FLAVIO_BOLSONARO;135687;
FLAVIO_BOLSONARO;136440;
FLAVIO_BOLSONARO;138166;
FLAVIO_BOLSONARO;139705;
FLAVIO_BOLSONARO;140059;
FLAVIO_BOLSONARO;140639;
FLAVIO_BOLSONARO;157416;
FLAVIO_BOLSONARO;158796;
FLAVIO_BOLSONARO;158161;
FLAVIO_BOLSONARO;159327;
FLAVIO_BOLSONARO;167158;
FLAVIO_BOLSONARO;172949;
FLAVIO_BOLSONARO;172956;
FLAVIO_BOLSONARO;171933;
FLAVIO_BOLSONARO;175586;
FLAVIO_BOLSONARO;175273;
FLAVIO_BOLSONARO;135155;
FLAVIO_BOLSONARO;136764;
FLAVIO_BOLSONARO;137699;
FLAVIO_BOLSONARO;139039;
FLAVIO_BOLSONARO;142534;
FLAVIO_BOLSONARO;152627;
FLAVIO_BOLSONARO;155365;
FLAVIO_BOLSONARO;156437;
FLAVIO_BOLSONARO;171592;
FLAVIO_BOLSONARO;171429;
FLAVIO_BOLSONARO;148048;
FLAVIO_BOLSONARO;160194;
FLAVIO_BOLSONARO;165704;
FLAVIO_BOLSONARO;167913;
FLAVIO_BOLSONARO;167511;
FLAVIO_BOLSONARO;163592;
FLAVIO_BOLSONARO;137241;
FLAVIO_BOLSONARO;137080;
FLAVIO_BOLSONARO;138227;
FLAVIO_BOLSONARO;139327;
FLAVIO_BOLSONARO;139706;
FLAVIO_BOLSONARO;152773;
FLAVIO_BOLSONARO;154105;
FLAVIO_BOLSONARO;156481;
FLAVIO_BOLSONARO;155529;
FLAVIO_BOLSONARO;159095;
FLAVIO_BOLSONARO;158928;
FLAVIO_BOLSONARO;160933;
FLAVIO_BOLSONARO;163043;
FLAVIO_BOLSONARO;169835;
FLAVIO_BOLSONARO;169787;
FLAVIO_BOLSONARO;162750;
RONALDO_CAIADO;120361;
RONALDO_CAIADO;124017;
RONALDO_CAIADO;126981;
RONALDO_CAIADO;125331;
RONALDO_CAIADO;120262;
RONALDO_CAIADO;127686;
RONALDO_CAIADO;124779;
RONALDO_CAIADO;124176;
RONALDO_CAIADO;123764;
RONALDO_CAIADO;127749;
RONALDO_CAIADO;123834;
RONALDO_CAIADO;124840;
RONALDO_CAIADO;121704;
RONALDO_CAIADO;120162;
RONALDO_CAIADO;121994;
RONALDO_CAIADO;122879;
RONALDO_CAIADO;120071;
RONALDO_CAIADO;122110;
RONALDO_CAIADO;120242;
RONALDO_CAIADO;121797;
RONALDO_CAIADO;124929;
RONALDO_CAIADO;124395;
RONALDO_CAIADO;121550;
RONALDO_CAIADO;121559;
RONALDO_CAIADO;123823;
RONALDO_CAIADO;125334;
RONALDO_CAIADO;128412;
RONALDO_CAIADO;125527;
RONALDO_CAIADO;126271;
RONALDO_CAIADO;125448;
RONALDO_CAIADO;124547;
RONALDO_CAIADO;124198;
RONALDO_CAIADO;124545;
RONALDO_CAIADO;124194;
RONALDO_CAIADO;124750;
RONALDO_CAIADO;124201;
RONALDO_CAIADO;124189;
RONALDO_CAIADO;122778;
RONALDO_CAIADO;123182;
RONALDO_CAIADO;124016;
RONALDO_CAIADO;123561;
RONALDO_CAIADO;123824;
RONALDO_CAIADO;121440;
RONALDO_CAIADO;121431;
RONALDO_CAIADO;121499;
RONALDO_CAIADO;121481;
RONALDO_CAIADO;121438;
RONALDO_CAIADO;119688;
RONALDO_CAIADO;130828;
RONALDO_CAIADO;130883;
RONALDO_CAIADO;130423;
RONALDO_CAIADO;132676;
RONALDO_CAIADO;132660;
RONALDO_CAIADO;133440;
RONALDO_CAIADO;135047;
RONALDO_CAIADO;124444;
RONALDO_CAIADO;128023;
RONALDO_CAIADO;133303;
RONALDO_CAIADO;135056;
RONALDO_CAIADO;135048;
RONALDO_CAIADO;124743;
RONALDO_CAIADO;124762;
RONALDO_CAIADO;122688;
RONALDO_CAIADO;123737;
RONALDO_CAIADO;119875;
RONALDO_CAIADO;120457;
RONALDO_CAIADO;119666;
RONALDO_CAIADO;120645;
RONALDO_CAIADO;120810;
RONALDO_CAIADO;120389;
RONALDO_CAIADO;133624;
RONALDO_CAIADO;125070;
RONALDO_CAIADO;126848;
RONALDO_CAIADO;121071;
RONALDO_CAIADO;129346;
RONALDO_CAIADO;121296;
RONALDO_CAIADO;120353;
RONALDO_CAIADO;129887;
RONALDO_CAIADO;130961;
RONALDO_CAIADO;122641;
RONALDO_CAIADO;120360;
RONALDO_CAIADO;119874;
RONALDO_CAIADO;119671;
RONALDO_CAIADO;121425;
RONALDO_CAIADO;125305;
RONALDO_CAIADO;123069;
RONALDO_CAIADO;124542;
RONALDO_CAIADO;119682;
RONALDO_CAIADO;129211;
RONALDO_CAIADO;129926;
RONALDO_CAIADO;130213;
RONALDO_CAIADO;132562;
RONALDO_CAIADO;124981;
RONALDO_CAIADO;120202;
RONALDO_CAIADO;124978;
RONALDO_CAIADO;123763;
RONALDO_CAIADO;124543;
RONALDO_CAIADO;121435;
RONALDO_CAIADO;120939;
RONALDO_CAIADO;128523;
RONALDO_CAIADO;128563;
RONALDO_CAIADO;124206;
RONALDO_CAIADO;120635;
RONALDO_CAIADO;125060;
RONALDO_CAIADO;122964;
RONALDO_CAIADO;122046;
RONALDO_CAIADO;120772;
RONALDO_CAIADO;124655;
RONALDO_CAIADO;121488;
RONALDO_CAIADO;121436;
RONALDO_CAIADO;125057;
RONALDO_CAIADO;121399;
RONALDO_CAIADO;121041;
RONALDO_CAIADO;124454;
RONALDO_CAIADO;125969;
RONALDO_CAIADO;120518;
RONALDO_CAIADO;135043;
RONALDO_CAIADO;129616;
RONALDO_CAIADO;122082;
RONALDO_CAIADO;121020;
RONALDO_CAIADO;122995;
RONALDO_CAIADO;121637;
RONALDO_CAIADO;121581;
RONALDO_CAIADO;121081;
RONALDO_CAIADO;124456;
RONALDO_CAIADO;121129;
RONALDO_CAIADO;124197;
RONALDO_CAIADO;124192;
RONALDO_CAIADO;122734;
RONALDO_CAIADO;135055;
RONALDO_CAIADO;125093;
RONALDO_CAIADO;120462;
RONALDO_CAIADO;124151;
RONALDO_CAIADO;124200;
RONALDO_CAIADO;121483;
RONALDO_CAIADO;121310;
RONALDO_CAIADO;129615;
RONALDO_CAIADO;130039;
RONALDO_CAIADO;134063;
RONALDO_CAIADO;134453;
RONALDO_CAIADO;120641;
RONALDO_CAIADO;124180;
RONALDO_CAIADO;122890;
RONALDO_CAIADO;120255;
RONALDO_CAIADO;119876;
RONALDO_CAIADO;127101;
RONALDO_CAIADO;121684;
RONALDO_CAIADO;120557;
RONALDO_CAIADO;125401;
RONALDO_CAIADO;128290;
RONALDO_CAIADO;125777;
RONALDO_CAIADO;125684;
RONALDO_CAIADO;124193;
RONALDO_CAIADO;120942;
RONALDO_CAIADO;120510;
RONALDO_CAIADO;130217;
RONALDO_CAIADO;130695;
RONALDO_CAIADO;132525;
RONALDO_CAIADO;133477;
RONALDO_CAIADO;133749;
RONALDO_CAIADO;123965;
RONALDO_CAIADO;120812;
RONALDO_CAIADO;124764;
RONALDO_CAIADO;123916;
RONALDO_CAIADO;121570;
RONALDO_CAIADO;121203;
RONALDO_CAIADO;120419;
RONALDO_CAIADO;119952;
RONALDO_CAIADO;129565;
RONALDO_CAIADO;131089;
RONALDO_CAIADO;132566;
RONALDO_CAIADO;121419;
RONALDO_CAIADO;119870;
RONALDO_CAIADO;121678;
RONALDO_CAIADO;120352;
RONALDO_CAIADO;125207;
RONALDO_CAIADO;128516;
RONALDO_CAIADO;128853;
RONALDO_CAIADO;130407;
RONALDO_CAIADO;122349;
RONALDO_CAIADO;121779;
RONALDO_CAIADO;133471;
RONALDO_CAIADO;122911;
RONALDO_CAIADO;122312;
RONALDO_CAIADO;121482;
RONALDO_CAIADO;127845;
RONALDO_CAIADO;129807;
RONALDO_CAIADO;119890;
RONALDO_CAIADO;134633;
RONALDO_CAIADO;124722;
RONALDO_CAIADO;124815;
RONALDO_CAIADO;119659;
RONALDO_CAIADO;119678;
RONALDO_CAIADO;125808;
RONALDO_CAIADO;122296;
RONALDO_CAIADO;122703;
RONALDO_CAIADO;121098;
RONALDO_CAIADO;123893;
RONALDO_CAIADO;129064;
RONALDO_CAIADO;124517;
RONALDO_CAIADO;124118;
RONALDO_CAIADO;121565;
RONALDO_CAIADO;121099;
RONALDO_CAIADO;120166;
RONALDO_CAIADO;123563;
RONALDO_CAIADO;121491;
RONALDO_CAIADO;129288;
RONALDO_CAIADO;129541;
RONALDO_CAIADO;130037;
RONALDO_CAIADO;131036;
RONALDO_CAIADO;134918;
RONALDO_CAIADO;123203;
RONALDO_CAIADO;120642;
RONALDO_CAIADO;123108;
RONALDO_CAIADO;120583;
RONALDO_CAIADO;120453;
RONALDO_CAIADO;120260;
RONALDO_CAIADO;126893;
RONALDO_CAIADO;124837;
RONALDO_CAIADO;122324;
RONALDO_CAIADO;124546;
RONALDO_CAIADO;124541;
RONALDO_CAIADO;126367;
RONALDO_CAIADO;130218;
RONALDO_CAIADO;131110;
RONALDO_CAIADO;132465;
RONALDO_CAIADO;133579;
RONALDO_CAIADO;122429;
RONALDO_CAIADO;120044;
RONALDO_CAIADO;121799;
RONALDO_CAIADO;124748;
RONALDO_CAIADO;124190;
RONALDO_CAIADO;121441;
RONALDO_CAIADO;120160;
RONALDO_CAIADO;127846;
RONALDO_CAIADO;132949;
RONALDO_CAIADO;135044;
RONALDO_CAIADO;121290;
RONALDO_CAIADO;120511;
RONALDO_CAIADO;124481;
RONALDO_CAIADO;119889;
RONALDO_CAIADO;122308;
RONALDO_CAIADO;121883;
RONALDO_CAIADO;125332;
RONALDO_CAIADO;125463;
RONALDO_CAIADO;122780;
RONALDO_CAIADO;122776;
RONALDO_CAIADO;130364;
RONALDO_CAIADO;123149;
RONALDO_CAIADO;121016;
RONALDO_CAIADO;121857;
RONALDO_CAIADO;127320;
RONALDO_CAIADO;124021;
RONALDO_CAIADO;123743;
RONALDO_CAIADO;122332;
RONALDO_CAIADO;122880;
RONALDO_CAIADO;120149;
RONALDO_CAIADO;123094;
RONALDO_CAIADO;121634;
RONALDO_CAIADO;122779;
RONALDO_CAIADO;122777;
RONALDO_CAIADO;127844;
RONALDO_CAIADO;130393;
RONALDO_CAIADO;130399;
RONALDO_CAIADO;123732;
RONALDO_CAIADO;121015;
RONALDO_CAIADO;120937;
RONALDO_CAIADO;119677;
RONALDO_CAIADO;125276;
RONALDO_CAIADO;121677;
RONALDO_CAIADO;120501;
RONALDO_CAIADO;119933;
RONALDO_CAIADO;124760;
RONALDO_CAIADO;121498;
RONALDO_CAIADO;123841;
RONALDO_CAIADO;122690;
RONALDO_CAIADO;120247;
RONALDO_CAIADO;123150;
RONALDO_CAIADO;121759;
RONALDO_CAIADO;127774;
RONALDO_CAIADO;129581;
RONALDO_CAIADO;132720;
RONALDO_CAIADO;120258;
RONALDO_CAIADO;125022;
RONALDO_CAIADO;123740;
RONALDO_CAIADO;119676;
RONALDO_CAIADO;127681;
RONALDO_CAIADO;127629;
RONALDO_CAIADO;126383;
RONALDO_CAIADO;122738;
RONALDO_CAIADO;120499;
RONALDO_CAIADO;121798;
RONALDO_CAIADO;121107;
RONALDO_CAIADO;123202;
RONALDO_CAIADO;119762;
RONALDO_CAIADO;128795;
RONALDO_CAIADO;125525;
RONALDO_CAIADO;126102;
RONALDO_CAIADO;124944;
RONALDO_CAIADO;124452;
RONALDO_CAIADO;126708;
RONALDO_CAIADO;121844;
RONALDO_CAIADO;125291;
RONALDO_CAIADO;121784;
RONALDO_CAIADO;120198;
RONALDO_CAIADO;124749;
RONALDO_CAIADO;121432;
RONALDO_CAIADO;128536;
RONALDO_CAIADO;130420;
RONALDO_CAIADO;132946;
RONALDO_CAIADO;121701;
RONALDO_CAIADO;121078;
RONALDO_CAIADO;120356;
RONALDO_CAIADO;119935;
RONALDO_CAIADO;121676;
RONALDO_CAIADO;122575;
RONALDO_CAIADO;119882;
RONALDO_CAIADO;130216;
RONALDO_CAIADO;130477;
RONALDO_CAIADO;130946;
RONALDO_CAIADO;131160;
RONALDO_CAIADO;133053;
RONALDO_CAIADO;134920;
RONALDO_CAIADO;121695;
RONALDO_CAIADO;127318;
RONALDO_CAIADO;132074;
RONALDO_CAIADO;121495;
RONALDO_CAIADO;126644;
RONALDO_CAIADO;127425;
RONALDO_CAIADO;124783;
RONALDO_CAIADO;125040;
RONALDO_CAIADO;124014;
RONALDO_CAIADO;124046;
RONALDO_CAIADO;130392;
RONALDO_CAIADO;133214;
RONALDO_CAIADO;133944;
RONALDO_CAIADO;125012;
RONALDO_CAIADO;119674;
RONALDO_CAIADO;123166;
RONALDO_CAIADO;128293;
RONALDO_CAIADO;122841;
RONALDO_CAIADO;128350;
RONALDO_CAIADO;120477;
RONALDO_CAIADO;119945;
RONALDO_CAIADO;127843;
RONALDO_CAIADO;128524;
RONALDO_CAIADO;131039;
RONALDO_CAIADO;132374;
RONALDO_CAIADO;133527;
RONALDO_CAIADO;124072;
RONALDO_CAIADO;121966;
RONALDO_CAIADO;119668;
RONALDO_CAIADO;121320;
RONALDO_CAIADO;121220;
RONALDO_CAIADO;128242;
RONALDO_CAIADO;130033;
RONALDO_CAIADO;120875;
RONALDO_CAIADO;119872;
RONALDO_CAIADO;119741;
RONALDO_CAIADO;119690;
RONALDO_CAIADO;120420;
RONALDO_CAIADO;120950;
RONALDO_CAIADO;122666;
RONALDO_CAIADO;125080;
RONALDO_CAIADO;125068;
RONALDO_CAIADO;124544;
RONALDO_CAIADO;121492;
RONALDO_CAIADO;121433;
RONALDO_CAIADO;134042;
RONALDO_CAIADO;125078;
RONALDO_CAIADO;122699;
RONALDO_CAIADO;128936;
RONALDO_CAIADO;129591;
RONALDO_CAIADO;120201;
RONALDO_CAIADO;124120;
RONALDO_CAIADO;122078;
RONALDO_CAIADO;121326;
RONALDO_CAIADO;121496;
RONALDO_CAIADO;125069;
RONALDO_CAIADO;124498;
RONALDO_CAIADO;122999;
RONALDO_CAIADO;122775;
RONALDO_CAIADO;129782;
RONALDO_CAIADO;135049;
RONALDO_CAIADO;125532;
RONALDO_CAIADO;121023;
RONALDO_CAIADO;126519;
RONALDO_CAIADO;124460;
RONALDO_CAIADO;123158;
RONALDO_CAIADO;121423;
RONALDO_CAIADO;120565;
RONALDO_CAIADO;119878;
RONALDO_CAIADO;120269;
RONALDO_CAIADO;125011;
RONALDO_CAIADO;120289;
RONALDO_CAIADO;124548;
RONALDO_CAIADO;124195;
RONALDO_CAIADO;129063;
RONALDO_CAIADO;127222;
RONALDO_CAIADO;127226;
RONALDO_CAIADO;130672;
RONALDO_CAIADO;125429;
